filename,label
cabc30fc-e7726578.jpg,dry
cabc30fc-eb673c5a.jpg,dry
cabc30fc-fd79926f.jpg,dry
cabc9045-1b8282ba.jpg,dry
cabc9045-581f64de.jpg,dry
cabc9045-5a50690f.jpg,dry
cabc9045-b3349548.jpg,dry
cabc9045-c6dc9529.jpg,dry
cabc9045-cd422b81.jpg,dry
cabc9045-d91ecb66.jpg,dry
cabddb96-ca0ac856.jpg,dry
cabe1040-5f02711e.jpg,wet
cabe1040-c59cb390.jpg,wet
cabea010-6882cf41.jpg,dry
cabf7be1-36a39a28.jpg,dry
cabf7be1-f1a7e00d.jpg,dry
cabf9f3c-d58a6760.jpg,dry
cac07407-0396e053.jpg,dry
cac07407-0eb1c8bf.jpg,dry
cac07407-15b814db.jpg,dry
cac07407-196cd6f8.jpg,dry
cac07407-76e4c968.jpg,dry
cac07407-951977c8.jpg,dry
cac07407-ba37148a.jpg,dry
cac07407-bc0b048a.jpg,dry
cac07407-e969f06a.jpg,dry
cac07407-fe32e494.jpg,dry
cac32276-2ea56b83.jpg,dry
cac32276-a70feba7.jpg,dry
cac32276-cf233a28.jpg,dry
cac47e88-3227e13a.jpg,dry
cac6a8d8-29780d2d.jpg,dry
cac75967-8a9c164b.jpg,dry
cace2484-cd478fab.jpg,dry
cacfaddc-ce8105be.jpg,dry
cad02f4a-dd2c4b41.jpg,dry
cad03998-075bb24b.jpg,dry
cad03998-b2cc3e61.jpg,dry
cad03998-e6cc2ae6.jpg,dry
cad17389-cb0208f5.jpg,dry
cad17389-f72e5365.jpg,dry
cad180c4-2edc9315.jpg,wet
cad180c4-553ceeb1.jpg,wet
cad180c4-d05b49f1.jpg,dry
cad4a646-68a8d136.jpg,dry
cad54cf7-6779254f.jpg,dry
cad7fdff-d9946f73.jpg,dry
cadb239d-0776327a.jpg,dry
cadb239d-499b1478.jpg,dry
cadb239d-a768df31.jpg,dry
cadb5cf7-31d9a0d7.jpg,dry
cadbd8df-9efc61fd.jpg,wet
cadc60a4-0834935f.jpg,dry
cadd00a0-4251d603.jpg,dry
cadd00a0-efef6501.jpg,dry
cade2084-5714bb13.jpg,dry
cade2084-71df1a4e.jpg,dry
cade2084-8fb02395.jpg,dry
cade2aed-db2e9c98.jpg,wet
cadf297e-457ef8ae.jpg,dry
cadf77c3-2857db38.jpg,dry
cadfb2fe-5dd5f809.jpg,wet
cadfb2fe-708d6e3b.jpg,wet
cadfb2fe-f43878a3.jpg,wet
cae23877-a1826db4.jpg,dry
cae28701-5286ae2f.jpg,dry
cae29b60-b9d5bdb6.jpg,wet
cae39588-58dd3092.jpg,dry
cae39588-8ea784d1.jpg,dry
cae49ab7-c87d52c4.jpg,dry
cae4f10f-54b690b0.jpg,dry
cae4f10f-e5906613.jpg,dry
cae6c88d-0db9c3ab.jpg,dry
cae73656-aeb2944f.jpg,dry
cae77018-7bc11357.jpg,dry
cae842b9-82d52302.jpg,dry
cae881fa-02da1ae2.jpg,dry
cae8e3d7-13803eef.jpg,dry
cae913d9-6df0f74b.jpg,dry
cae913d9-e07a8369.jpg,dry
caea91fd-e457bf7b.jpg,wet
caeb0fbb-410c10ca.jpg,dry
caeb782d-4a20b7c4.jpg,wet
caec69a1-75429ccd.jpg,dry
caee33ed-136d6b7c.jpg,dry
caee33ed-bb44010a.jpg,wet
caf380ad-52f6a603.jpg,dry
caf380ad-83f39185.jpg,dry
caf380ad-ee9a7699.jpg,dry
caf5502b-8233af1b.jpg,wet
caf56f7a-1407df75.jpg,dry
caf6713b-1823e54e.jpg,wet
caf6d8fe-7650f811.jpg,dry
caf73e65-16760e37.jpg,dry
caf73e65-99596d6e.jpg,dry
caf8496d-6ce3dbda.jpg,dry
caf91e5e-fbd7f315.jpg,dry
caf92153-8fdace82.jpg,wet
caf92153-cfcdf92a.jpg,wet
caf9b4a2-dbf2a8a7.jpg,dry
cafa7c32-0d800808.jpg,wet
cafae648-c3d4e13a.jpg,dry
cafb3b52-f34e5454.jpg,dry
cafb3e02-83c800ed.jpg,dry
cafb3e6f-22f2007e.jpg,dry
cafbae4e-1d69e770.jpg,dry
cafbb9cb-c8d8b9df.jpg,dry
cafca327-47cae51f.jpg,dry
cafd4970-2592f52f.jpg,dry
cafe3793-42a32ab9.jpg,dry
cafe3793-f5638516.jpg,dry
cafecee9-ae650f5f.jpg,dry
caff2200-238a0388.jpg,dry
caff5d9a-35754dcf.jpg,dry
caff5d9a-e71dee8e.jpg,dry
cb020379-3477f3c4.jpg,wet
cb0287d1-207cdf5c.jpg,dry
cb0287d1-622df962.jpg,wet
cb02bc12-00b2fbbb.jpg,dry
cb031b03-0f3ed476.jpg,dry
cb031b03-cc89642d.jpg,dry
cb0368de-db7b4f2d.jpg,dry
cb04fee6-31529064.jpg,dry
cb04fee6-a44df902.jpg,dry
cb04fee6-d1f397da.jpg,dry
cb05eaa9-f2430836.jpg,dry
cb063b6c-158d56f6.jpg,dry
cb0676bb-988d6eb5.jpg,dry
cb0676bb-98e0e60f.jpg,dry
cb0676bb-a07ba110.jpg,dry
cb0676bb-b1b073e4.jpg,dry
cb0676bb-c22aecec.jpg,wet
cb0676bb-c375cf69.jpg,dry
cb07632a-8c57bef7.jpg,wet
cb078020-5bfd7122.jpg,dry
cb078020-ab5a89f2.jpg,dry
cb078020-b82ebd77.jpg,dry
cb0ad251-7f86477e.jpg,dry
cb0bdd89-5bdf8abc.jpg,dry
cb0bdd89-f1ff3b69.jpg,dry
cb0cece8-0bf1974e.jpg,dry
cb0e6066-8c6456bf.jpg,dry
cb104d26-1ba62e91.jpg,dry
cb1294f1-3faf01b9.jpg,dry
cb1294f1-fba3ff7d.jpg,dry
cb13d27e-aed37c4c.jpg,dry
cb146e98-0d092e48.jpg,dry
cb146e98-15a5ad7c.jpg,dry
cb146e98-1bb7e9d7.jpg,dry
cb146e98-21026d6b.jpg,dry
cb146e98-6ad6acfd.jpg,dry
cb146e98-77442601.jpg,dry
cb146e98-85b699ad.jpg,dry
cb146e98-a1828594.jpg,dry
cb146e98-becc1d13.jpg,dry
cb146e98-f92b6ddc.jpg,dry
cb14e978-0d45dc28.jpg,dry
cb14e978-6c4d53f3.jpg,dry
cb14e978-9ac7f029.jpg,dry
cb14e978-a5eb5afb.jpg,dry
cb14e978-d76604ee.jpg,dry
cb15c5ae-b7c3e935.jpg,dry
cb15f3ff-e11f8dac.jpg,dry
cb16478b-17e02968.jpg,dry
cb16478b-2c1ed614.jpg,dry
cb16478b-def793e8.jpg,dry
cb18ff25-8cccd910.jpg,dry
cb191189-dcfc5543.jpg,wet
cb19ca00-06374256.jpg,dry
cb19ca00-185e1163.jpg,wet
cb19ca00-7cee58db.jpg,dry
cb19ca00-7fe7ed92.jpg,dry
cb1a59af-6df6a7ab.jpg,dry
cb1d8d95-283dd8d2.jpg,wet
cb1f05ca-28b96d3e.jpg,dry
cb22c820-f094952f.jpg,dry
cb2382b5-9cc2c304.jpg,dry
cb2512c2-c2d1b0f2.jpg,dry
cb25355a-3ac85fc1.jpg,dry
cb253f3b-b54796d8.jpg,dry
cb25d527-e041ee3a.jpg,dry
cb25d8ec-1c06a707.jpg,dry
cb25d8ec-e52ef234.jpg,dry
cb25fc78-7ac3b863.jpg,dry
cb25fc78-c89840f6.jpg,dry
cb27de55-d8c84ee3.jpg,dry
cb2a851d-d0884eb5.jpg,dry
cb2c6d0f-d4b068b0.jpg,wet
cb2c801b-7b6283e5.jpg,dry
cb2c801b-b5274dda.jpg,dry
cb2e3d65-2d64ca0e.jpg,wet
cb2fdf4d-05fad7c1.jpg,dry
cb2fdf4d-1f6ec0ba.jpg,dry
cb2fdf4d-4b15f621.jpg,dry
cb2fe290-7246a85f.jpg,dry
cb2fe290-8786cd14.jpg,dry
cb2fe290-88aacceb.jpg,dry
cb30c05c-cdad343b.jpg,dry
cb319c00-9206979b.jpg,dry
cb325137-259f2a29.jpg,dry
cb32ab44-2e476a87.jpg,dry
cb32ab44-776b1f34.jpg,dry
cb32ab44-9feb37f3.jpg,dry
cb32ab44-e8b00418.jpg,dry
cb32ab44-f15d148d.jpg,dry
cb32ec15-6e369f96.jpg,dry
cb3300b5-269086e6.jpg,wet
